id;visit_date_time;reason;created;modified;created_by;modified_by
1;2021-05-27;innovative tan reboot;2021-05-27;2021-05-27;94862;25802
2;2021-05-27;Tuna USB;2021-05-27;2021-05-27;42067;90813
3;2021-05-27;program platforms Handcrafted;2021-05-27;2021-05-26;17333;21125
4;2021-05-27;methodologies Gloves data-warehouse;2021-05-27;2021-05-27;78307;78373
5;2021-05-27;data-warehouse Georgia;2021-05-27;2021-05-27;74219;95416
6;2021-05-27;Concrete Generic;2021-05-27;2021-05-27;98192;67531
7;2021-05-27;copying Bangladesh Grocery;2021-05-26;2021-05-27;2864;86980
8;2021-05-27;Platinum Table Optimization;2021-05-27;2021-05-27;38264;3728
9;2021-05-26;Wallis Salad Dollar;2021-05-27;2021-05-27;30379;80038
10;2021-05-27;Horizontal;2021-05-27;2021-05-27;74090;42111
